ID,Name,Year,Rank,Average,Bayes average,Users rated,URL,Thumbnail
174430,Gloomhaven,2017,1,8.99,8.616,15267,/boardgame/174430/gloomhaven,https://cf.geekdo-images.com/micro/img/8JYMPXdcBg_UHddwzq64H4NBduY=/fit-in/64x64/pic2437871.jpg
161936,Pandemic Legacy: Season 1,2015,2,8.66,8.5,25992,/boardgame/161936/pandemic-legacy-season-1,https://cf.geekdo-images.com/micro/img/KbAKyhbG4qab4r-A_pBjUGvgal0=/fit-in/64x64/pic2452831.png
182028,Through the Ages: A New Story of Civilization,2015,3,8.61,8.306,12300,/boardgame/182028/through-ages-new-story-civilization,https://cf.geekdo-images.com/micro/img/APvZ_BYOt4ElpIXVl7i6wUp2BvM=/fit-in/64x64/pic2663291.jpg
12333,Twilight Struggle,2005,4,8.34,8.198,31252,/boardgame/12333/twilight-struggle,https://cf.geekdo-images.com/micro/img/uStZr7_8Tbthswp3sya1c2o1cs0=/fit-in/64x64/pic361592.jpg
167791,Terraforming Mars,2016,5,8.38,8.195,25816,/boardgame/167791/terraforming-mars,https://cf.geekdo-images.com/micro/img/71v8jF5vZFBqE64QJ7S3UYtDAng=/fit-in/64x64/pic3536616.jpg
187645,Star Wars: Rebellion,2016,6,8.47,8.167,13291,/boardgame/187645/star-wars-rebellion,https://cf.geekdo-images.com/micro/img/KR1jw0e94sdGnSh2QmhtKbxD7Gg=/fit-in/64x64/pic2737530.png
169786,Scythe,2016,7,8.29,8.106,29064,/boardgame/169786/scythe,https://cf.geekdo-images.com/micro/img/Gqqd5c-C33zrLpoeb92cMxIF98s=/fit-in/64x64/pic3163924.jpg
120677,Terra Mystica,2012,8,8.24,8.094,29248,/boardgame/120677/terra-mystica,https://cf.geekdo-images.com/micro/img/0jr3gj1GDwfhwW97jEGHzgQJsz4=/fit-in/64x64/pic1356616.jpg
193738,Great Western Trail,2016,9,8.29,8.041,13434,/boardgame/193738/great-western-trail,https://cf.geekdo-images.com/micro/img/NxP_qsKxBHNXSN11Zt75nv2oW_U=/fit-in/64x64/pic3113247.jpg
180263,The 7th Continent,2017,10,8.68,8.021,5978,/boardgame/180263/7th-continent,https://cf.geekdo-images.com/micro/img/rHiQi_I26LD9shMiJH92q6VxcNY=/fit-in/64x64/pic2648303.jpg
173346,7 Wonders Duel,2015,11,8.15,8.006,32048,/boardgame/173346/7-wonders-duel,https://cf.geekdo-images.com/micro/img/Qbt8Cjwt_skp-UKi5bDGxYTg45w=/fit-in/64x64/pic3376065.jpg
84876,The Castles of Burgundy,2011,12,8.12,8.004,31538,/boardgame/84876/castles-burgundy,https://cf.geekdo-images.com/micro/img/Qw22L5Wwe2q5BbvEct9dWws7MP4=/fit-in/64x64/pic1176894.jpg
220308,Gaia Project,2017,13,8.69,8.004,4784,/boardgame/220308/gaia-project,https://cf.geekdo-images.com/micro/img/Ifks_R9_4ObVmyHgN2j9lks-_8M=/fit-in/64x64/pic3763556.jpg
115746,War of the Ring (Second Edition),2012,14,8.38,7.986,8189,/boardgame/115746/war-ring-second-edition,https://cf.geekdo-images.com/micro/img/U_mWJ-Rwf-VaZ9DRvJMb4TvV7hM=/fit-in/64x64/pic1215633.jpg
102794,Caverna: The Cave Farmers,2013,15,8.12,7.955,21101,/boardgame/102794/caverna-cave-farmers,https://cf.geekdo-images.com/micro/img/xrKeGLQ8OhvUiaZ2ctC4829RQzs=/fit-in/64x64/pic1790789.jpg
3076,Puerto Rico,2002,16,8.06,7.95,52810,/boardgame/3076/puerto-rico,https://cf.geekdo-images.com/micro/img/ti5gCF_R-aSfg3uzg31b3lMUP9A=/fit-in/64x64/pic158548.jpg
31260,Agricola,2007,17,8.02,7.924,53425,/boardgame/31260/agricola,https://cf.geekdo-images.com/micro/img/Snnyt1cOfe1N0_KKyMBHSpd6Xms=/fit-in/64x64/pic259085.jpg
96848,Mage Knight Board Game,2011,18,8.12,7.916,21493,/boardgame/96848/mage-knight-board-game,https://cf.geekdo-images.com/micro/img/6jDMTog_WxQPbEqRCyj6KtpIQ3w=/fit-in/64x64/pic1083380.jpg
183394,Viticulture Essential Edition,2015,19,8.17,7.909,11946,/boardgame/183394/viticulture-essential-edition,https://cf.geekdo-images.com/micro/img/L5giS2YYwyYZhAchWHSELlJ7U2U=/fit-in/64x64/pic2649952.jpg
205637,Arkham Horror: The Card Game,2016,20,8.26,7.907,11971,/boardgame/205637/arkham-horror-card-game,https://cf.geekdo-images.com/micro/img/PDfjVra2DLzQpFj7dnATf81lSik=/fit-in/64x64/pic3122349.jpg
205059,Mansions of Madness: Second Edition,2016,21,8.2,7.887,12334,/boardgame/205059/mansions-madness-second-edition,https://cf.geekdo-images.com/micro/img/_CpxsrtrFi4YLVvlgHkQG4OkU2I=/fit-in/64x64/pic3118622.jpg
124361,Concordia,2013,22,8.07,7.884,15200,/boardgame/124361/concordia,https://cf.geekdo-images.com/micro/img/-o5nMvz9MGbYVnDDGh1_Xq7P84w=/fit-in/64x64/pic3453267.jpg
170216,Blood Rage,2015,23,8.07,7.882,20916,/boardgame/170216/blood-rage,https://cf.geekdo-images.com/micro/img/P2Hw9b5BDQNLRtNcqgr1zNYW-cw=/fit-in/64x64/pic2439223.jpg
209010,Mechs vs. Minions,2016,24,8.22,7.869,9165,/boardgame/209010/mechs-vs-minions,https://cf.geekdo-images.com/micro/img/PluLJId7M-9urByCb_VMyuiIh8o=/fit-in/64x64/pic3184103.jpg
164153,Star Wars: Imperial Assault,2014,25,8.14,7.855,14532,/boardgame/164153/star-wars-imperial-assault,https://cf.geekdo-images.com/micro/img/63Sh2j1jrcw1Igy5AkZdL8CAGD4=/fit-in/64x64/pic2247647.jpg
164928,Orléans,2014,26,8.08,7.855,12657,/boardgame/164928/orleans,https://cf.geekdo-images.com/micro/img/EFMKhgiJOEON4d5NLvLDLnS2VyY=/fit-in/64x64/pic2578828.png
25613,Through the Ages: A Story of Civilization,2006,27,8.03,7.854,16313,/boardgame/25613/through-ages-story-civilization,https://cf.geekdo-images.com/micro/img/1QK86CXz-ADCCIB_eSRCmr3Uws4=/fit-in/64x64/pic236169.jpg
175914,Food Chain Magnate,2015,28,8.22,7.84,7365,/boardgame/175914/food-chain-magnate,https://cf.geekdo-images.com/micro/img/CCu3tT9vVgKLM2AdF-CC-Vie9e8=/fit-in/64x64/pic2649434.png
2651,Power Grid,2004,29,7.91,7.828,46645,/boardgame/2651/power-grid,https://cf.geekdo-images.com/micro/img/hOqwekxToV2DC4zQiEkXBtKwSnI=/fit-in/64x64/pic173153.jpg
177736,A Feast for Odin,2016,30,8.19,7.82,8096,/boardgame/177736/feast-odin,https://cf.geekdo-images.com/micro/img/1V5da2Inidd8GOONuNsjDxj6Epw=/fit-in/64x64/pic3146943.png
233078,Twilight Imperium: Fourth Edition,2017,31,8.92,7.814,3005,/boardgame/233078/twilight-imperium-fourth-edition,https://cf.geekdo-images.com/micro/img/D_wkWC_xeBStqd2Y4xXuUrDYpso=/fit-in/64x64/pic3727516.jpg
72125,Eclipse,2011,32,7.97,7.812,22610,/boardgame/72125/eclipse,https://cf.geekdo-images.com/micro/img/HrGAtWyhYIvBbmSPELAkLswddEE=/fit-in/64x64/pic1974056.jpg
55690,Kingdom Death: Monster,2015,33,8.9,7.802,4721,/boardgame/55690/kingdom-death-monster,https://cf.geekdo-images.com/micro/img/0LbC6Oka8Lv0FZ0DQflCPLhJzNw=/fit-in/64x64/pic2931007.jpg
221107,Pandemic Legacy: Season 2,2017,34,8.47,7.801,4135,/boardgame/221107/pandemic-legacy-season-2,https://cf.geekdo-images.com/micro/img/1ET3ss7uiX8VumffL32Z76YWgx8=/fit-in/64x64/pic3763549.jpg
28720,Brass: Lancashire,2007,35,8.01,7.791,11456,/boardgame/28720/brass-lancashire,https://cf.geekdo-images.com/micro/img/a-g2zj9lYhcXPnh0Ebq3QFwMRU0=/fit-in/64x64/pic3469216.jpg
121921,Robinson Crusoe: Adventures on the Cursed Island,2012,36,7.96,7.788,23093,/boardgame/121921/robinson-crusoe-adventures-cursed-island,https://cf.geekdo-images.com/micro/img/okpJX4eT2-Bw772w0e69fZFYxFY=/fit-in/64x64/pic3165731.jpg
35677,Le Havre,2008,37,7.91,7.783,21321,/boardgame/35677/le-havre,https://cf.geekdo-images.com/micro/img/r_-SRWp3mhW7AbuyZtAXKspPf8Q=/fit-in/64x64/pic3330230.jpg
126163,Tzolk'in: The Mayan Calendar,2012,38,7.93,7.783,21350,/boardgame/126163/tzolk-mayan-calendar,https://cf.geekdo-images.com/micro/img/CvnpDupLiwOSNCGbJLk4wdoRSww=/fit-in/64x64/pic1413480.jpg
124742,Android: Netrunner,2012,39,7.92,7.743,22741,/boardgame/124742/android-netrunner,https://cf.geekdo-images.com/micro/img/XbmO8lpZjYE0RcDp-Xyf9xp8GtE=/fit-in/64x64/pic3738560.jpg
171623,The Voyages of Marco Polo,2015,40,7.96,7.741,12740,/boardgame/171623/voyages-marco-polo,https://cf.geekdo-images.com/micro/img/D8lmO9H-rtq03Idsq3t2VuddVrw=/fit-in/64x64/pic2461346.png
230802,Azul,2017,41,8.02,7.725,10911,/boardgame/230802/azul,https://cf.geekdo-images.com/micro/img/VnqxaWZxsyBXKOYsfTXt1VVywFw=/fit-in/64x64/pic3718275.jpg
68448,7 Wonders,2010,42,7.8,7.714,61375,/boardgame/68448/7-wonders,https://cf.geekdo-images.com/micro/img/h-Ejv31TdN2d4KNPXwopv6w8pF0=/fit-in/64x64/pic860217.jpg
122515,Keyflower,2012,43,7.89,7.709,14227,/boardgame/122515/keyflower,https://cf.geekdo-images.com/micro/img/PKp4Tospdm7g6mhvkTcAkS1DZf4=/fit-in/64x64/pic2278942.jpg
178900,Codenames,2015,44,7.79,7.7,42089,/boardgame/178900/codenames,https://cf.geekdo-images.com/micro/img/3Ihe0IBw2D48rOjQHaGRkxAEnQo=/fit-in/64x64/pic2582929.jpg
162886,Spirit Island,2017,45,8.43,7.688,3957,/boardgame/162886/spirit-island,https://cf.geekdo-images.com/micro/img/Q5Pf_6hKlCXkfbha60l68FUpX_4=/fit-in/64x64/pic3615739.png
18602,Caylus,2005,46,7.83,7.686,23478,/boardgame/18602/caylus,https://cf.geekdo-images.com/micro/img/Nx8m7UPsqGYNWo3f3evh6Rn82TU=/fit-in/64x64/pic1638795.jpg
146021,Eldritch Horror,2013,47,7.91,7.683,20560,/boardgame/146021/eldritch-horror,https://cf.geekdo-images.com/micro/img/AzYGKboFU4IpIjJ-OMLp-3yaMSs=/fit-in/64x64/pic1872452.jpg
146508,T.I.M.E Stories,2015,48,7.88,7.681,15796,/boardgame/146508/time-stories,https://cf.geekdo-images.com/micro/img/O4_5v62RN0HAdudIRPyuCQwYzGs=/fit-in/64x64/pic2617634.png
12493,Twilight Imperium (Third Edition),2005,49,7.9,7.673,16552,/boardgame/12493/twilight-imperium-third-edition,https://cf.geekdo-images.com/micro/img/DX1nX1JYHVRQXhoPMaDgaHfezsg=/fit-in/64x64/pic4128153.jpg
28143,Race for the Galaxy,2007,50,7.77,7.672,37886,/boardgame/28143/race-galaxy,https://cf.geekdo-images.com/micro/img/gON7K0M9EpzwQTh0yRohSMadL9o=/fit-in/64x64/pic236327.jpg
110327,Lords of Waterdeep,2012,51,7.78,7.666,34588,/boardgame/110327/lords-waterdeep,https://cf.geekdo-images.com/micro/img/NQ_AXwU2GNGNxjitZ7Dfx6dRm5k=/fit-in/64x64/pic1116080.jpg
157354,Five Tribes,2014,52,7.8,7.658,22217,/boardgame/157354/five-tribes,https://cf.geekdo-images.com/micro/img/PI_KBqYjT-llTGHrbPyNdiCHAr8=/fit-in/64x64/pic2055255.jpg
62219,Dominant Species,2010,53,7.84,7.654,14253,/boardgame/62219/dominant-species,https://cf.geekdo-images.com/micro/img/m3xZgClHrr9_HyQvKUrBqc44noE=/fit-in/64x64/pic784193.jpg
159675,Fields of Arle,2014,54,8.17,7.652,4787,/boardgame/159675/fields-arle,https://cf.geekdo-images.com/micro/img/UwfIwHl-FaO6Y7R5-cZ9oM942LU=/fit-in/64x64/pic2225968.png
93,El Grande,1995,55,7.79,7.649,20007,/boardgame/93/el-grande,https://cf.geekdo-images.com/micro/img/p1EReuLjvKk2grV_6vCEvFs1h1k=/fit-in/64x64/pic180538.jpg
205896,Rising Sun,2018,56,8.2,7.649,5729,/boardgame/205896/rising-sun,https://cf.geekdo-images.com/micro/img/ysLpEL6GUr7hE09v_1TCpOrXyUs=/fit-in/64x64/pic3880340.jpg
163412,Patchwork,2014,57,7.76,7.641,27367,/boardgame/163412/patchwork,https://cf.geekdo-images.com/micro/img/lN1J9B5UN7lMt33Iq61ZeebV9OU=/fit-in/64x64/pic2270442.jpg
216132,Clans of Caledonia,2017,58,8.14,7.639,5261,/boardgame/216132/clans-caledonia,https://cf.geekdo-images.com/micro/img/_z98-BcLtUeIq8MhCDX57Il8arI=/fit-in/64x64/pic3511783.png
40834,Dominion: Intrigue,2009,59,7.76,7.634,25427,/boardgame/40834/dominion-intrigue,https://cf.geekdo-images.com/micro/img/8sKxLa5UZhgYkxhW4fW_9L5hc0Q=/fit-in/64x64/pic460011.jpg
132531,Roll for the Galaxy,2014,60,7.78,7.627,18632,/boardgame/132531/roll-galaxy,https://cf.geekdo-images.com/micro/img/GLaz1vjN1tqPdHsLZxlL6OSd7EA=/fit-in/64x64/pic1473629.jpg
201808,Clank!: A Deck-Building Adventure,2016,61,7.88,7.624,11684,/boardgame/201808/clank-deck-building-adventure,https://cf.geekdo-images.com/micro/img/W9VocxKr0m6ANARQqgLAVR5aab8=/fit-in/64x64/pic3056966.jpg
37111,Battlestar Galactica: The Board Game,2008,62,7.75,7.611,27988,/boardgame/37111/battlestar-galactica-board-game,https://cf.geekdo-images.com/micro/img/MWLikw6cLhMGBTtcuznL8koCbvY=/fit-in/64x64/pic354500.jpg
103885,Star Wars: X-Wing Miniatures Game,2012,63,7.82,7.609,19380,/boardgame/103885/star-wars-x-wing-miniatures-game,https://cf.geekdo-images.com/micro/img/pxb4ix8zoccsASKjJ55jwYxeeDo=/fit-in/64x64/pic1603292.jpg
150376,Dead of Winter: A Crossroads Game,2014,64,7.75,7.606,28828,/boardgame/150376/dead-winter-crossroads-game,https://cf.geekdo-images.com/micro/img/JfktrqSZFAnK6DgyKpCyX0w_yyU=/fit-in/64x64/pic3016500.jpg
172386,Mombasa,2015,65,7.95,7.601,7102,/boardgame/172386/mombasa,https://cf.geekdo-images.com/micro/img/_Ejih1iORSviIe6HxVD8sb-A0s8=/fit-in/64x64/pic2611318.jpg
2511,Sherlock Holmes Consulting Detective: The Thames Murders & Other Cases,1981,66,7.82,7.594,11526,/boardgame/2511/sherlock-holmes-consulting-detective-thames-murder,https://cf.geekdo-images.com/micro/img/NpKnpVX6tu4sCJZbHjPR0r2Q4Vw=/fit-in/64x64/pic3514298.jpg
73439,Troyes,2010,67,7.77,7.581,13362,/boardgame/73439/troyes,https://cf.geekdo-images.com/micro/img/EAuLd0zBvqsbna2LXrlTUsdzUew=/fit-in/64x64/pic750583.jpg
125153,The Gallerist,2015,68,8.02,7.58,5439,/boardgame/125153/gallerist,https://cf.geekdo-images.com/micro/img/MDnOzLhf7OMWMc23glZ9G2J0zGU=/fit-in/64x64/pic2503200.png
144733,Russian Railroads,2013,69,7.8,7.578,10753,/boardgame/144733/russian-railroads,https://cf.geekdo-images.com/micro/img/Uo5mQJ5YE0CllCwPwfdFGpU-Fmg=/fit-in/64x64/pic1772936.jpg
42,Tigris & Euphrates,1997,70,7.72,7.577,21876,/boardgame/42/tigris-euphrates,https://cf.geekdo-images.com/micro/img/9GVLbt1FRLx2Q_ak3Qv5WhNTVuc=/fit-in/64x64/pic2338267.jpg
102680,Trajan,2011,71,7.79,7.572,11330,/boardgame/102680/trajan,https://cf.geekdo-images.com/micro/img/yKoFdL7zUs-lnOcAFaKTi_VHn_A=/fit-in/64x64/pic1054375.jpg
36218,Dominion,2008,72,7.67,7.569,63011,/boardgame/36218/dominion,https://cf.geekdo-images.com/micro/img/VYp2s2f8X0Jmxrlzk02J9Ml2Jkw=/fit-in/64x64/pic394356.jpg
30549,Pandemic,2008,73,7.65,7.562,74148,/boardgame/30549/pandemic,https://cf.geekdo-images.com/micro/img/0m3-oqBk1jhb7YouAZoZmoJA7Wc=/fit-in/64x64/pic1534148.jpg
194655,Santorini,2016,74,7.8,7.549,11118,/boardgame/194655/santorini,https://cf.geekdo-images.com/micro/img/HXJza7gzeP7FUGgV_sm28qtSQ7I=/fit-in/64x64/pic3283110.png
521,Crokinole,1876,75,7.79,7.545,8691,/boardgame/521/crokinole,https://cf.geekdo-images.com/micro/img/5WqTMh5dYR1qpys-ewLyOjdgd4M=/fit-in/64x64/pic79413.jpg
185343,Anachrony,2017,76,8.16,7.541,4203,/boardgame/185343/anachrony,https://cf.geekdo-images.com/micro/img/CgOCsiSNFkZOX5rd-GIwhffD0jw=/fit-in/64x64/pic3499707.jpg
127023,Kemet,2012,77,7.76,7.532,11400,/boardgame/127023/kemet,https://cf.geekdo-images.com/micro/img/3J9XtiAoGDKw9Lt6EB2Nck86Q8E=/fit-in/64x64/pic3979527.jpg
104162,Descent: Journeys in the Dark (Second Edition),2012,78,7.76,7.528,17399,/boardgame/104162/descent-journeys-dark-second-edition,https://cf.geekdo-images.com/micro/img/0zuJyv86GA3v2kEMf7CY_HD579E=/fit-in/64x64/pic1180640.jpg
34635,Stone Age,2008,79,7.62,7.519,34857,/boardgame/34635/stone-age,https://cf.geekdo-images.com/micro/img/1i1odyBNIWq1fhb5zFGLpyW34Gs=/fit-in/64x64/pic1632539.jpg
161970,Alchemists,2014,80,7.73,7.51,12618,/boardgame/161970/alchemists,https://cf.geekdo-images.com/micro/img/dWCgzWB2FvTyJ_4ENHXC0_Ci768=/fit-in/64x64/pic2241156.png
9609,War of the Ring (First Edition),2004,81,7.79,7.509,9242,/boardgame/9609/war-ring-first-edition,https://cf.geekdo-images.com/micro/img/Itg8bP6wEWE0Or4uoey_4G-UWBU=/fit-in/64x64/pic725882.jpg
155426,Castles of Mad King Ludwig,2014,82,7.67,7.509,16704,/boardgame/155426/castles-mad-king-ludwig,https://cf.geekdo-images.com/micro/img/-iJbBppJ8Qwe-WCgtnP2Zj6JCm0=/fit-in/64x64/pic1961827.jpg
175155,Forbidden Stars,2015,83,8.01,7.508,5233,/boardgame/175155/forbidden-stars,https://cf.geekdo-images.com/micro/img/pPf0TiHu74v2XDKGLFxJCupeB3c=/fit-in/64x64/pic2471359.jpg
103343,A Game of Thrones: The Board Game (Second Edition),2011,84,7.69,7.5,21449,/boardgame/103343/game-thrones-board-game-second-edition,https://cf.geekdo-images.com/micro/img/OSMcQVBY9QJ-u-Y0asq31fjS980=/fit-in/64x64/pic1077906.jpg
128882,The Resistance: Avalon,2012,85,7.66,7.495,19702,/boardgame/128882/resistance-avalon,https://cf.geekdo-images.com/micro/img/35XJD0_3krQNrNXwCV9mPuW2aTY=/fit-in/64x64/pic1398895.jpg
155068,Arcadia Quest,2014,86,7.9,7.493,6763,/boardgame/155068/arcadia-quest,https://cf.geekdo-images.com/micro/img/229YpxKMnJH6yoH1CRZLDskpO1o=/fit-in/64x64/pic2305263.jpg
146652,Legendary Encounters: An Alien Deck Building Game,2014,87,7.82,7.491,8062,/boardgame/146652/legendary-encounters-alien-deck-building-game,https://cf.geekdo-images.com/micro/img/IX5o5f-fxgeFTZLy50ju_8rz16k=/fit-in/64x64/pic2225180.jpg
147020,Star Realms,2014,88,7.63,7.491,24325,/boardgame/147020/star-realms,https://cf.geekdo-images.com/micro/img/IsrsCTj06By7fbhJmqJYLhlnYV8=/fit-in/64x64/pic1903816.jpg
70149,Ora et Labora,2011,89,7.75,7.483,8338,/boardgame/70149/ora-et-labora,https://cf.geekdo-images.com/micro/img/JyAzKgCwj_2tPuwJp7N7LvcQzmQ=/fit-in/64x64/pic1165426.jpg
198928,Pandemic: Iberia,2016,90,8.05,7.478,4328,/boardgame/198928/pandemic-iberia,https://cf.geekdo-images.com/micro/img/qZd7TRL0P6ksD9crUApBNoFL960=/fit-in/64x64/pic3000850.png
148949,Istanbul,2014,91,7.62,7.471,16560,/boardgame/148949/istanbul,https://cf.geekdo-images.com/micro/img/ZRY73dm8LCK5UlyXjE9AGSr0Oa4=/fit-in/64x64/pic1885326.jpg
14996,Ticket to Ride: Europe,2005,92,7.58,7.467,42088,/boardgame/14996/ticket-ride-europe,https://cf.geekdo-images.com/micro/img/uaXK68_N-ucaFwwoSjzMivdKqAw=/fit-in/64x64/pic66668.jpg
43111,Chaos in the Old World,2009,93,7.68,7.462,12448,/boardgame/43111/chaos-old-world,https://cf.geekdo-images.com/micro/img/wG7q63zFJFcC2siQ8AXlVdNHW4I=/fit-in/64x64/pic1318481.jpg
123260,Suburbia,2012,94,7.6,7.462,17309,/boardgame/123260/suburbia,https://cf.geekdo-images.com/micro/img/ItLTGgZwWfsXYU-X4CMESo7SYOE=/fit-in/64x64/pic1418335.jpg
197376,Charterstone,2017,95,8.03,7.461,4643,/boardgame/197376/charterstone,https://cf.geekdo-images.com/micro/img/FPGuZxPYc8bo0qthhpmQnZgqSns=/fit-in/64x64/pic3322613.jpg
17133,Railways of the World,2005,96,7.69,7.459,9961,/boardgame/17133/railways-world,https://cf.geekdo-images.com/micro/img/XoM6TfDJndbQDG34FlFrfA1JCO0=/fit-in/64x64/pic3869603.jpg
126042,Nations,2013,97,7.7,7.456,9349,/boardgame/126042/nations,https://cf.geekdo-images.com/micro/img/wEoEr9DYKXowO3FfSoXOuyAhjqo=/fit-in/64x64/pic1591406.png
14105,Commands & Colors: Ancients,2006,98,7.78,7.456,7165,/boardgame/14105/commands-colors-ancients,https://cf.geekdo-images.com/micro/img/dVeEVBjNRmGJXkMX0hkvE_XaV90=/fit-in/64x64/pic132447.jpg
171131,Captain Sonar,2016,99,7.71,7.441,9013,/boardgame/171131/captain-sonar,https://cf.geekdo-images.com/micro/img/5gbPeQCbm9ft2ukWdxlg_7A4HfU=/fit-in/64x64/pic3013621.png
91,Paths of Glory,1999,100,8,7.431,3862,/boardgame/91/paths-glory,https://cf.geekdo-images.com/micro/img/OH7QaQUyLaJHeGNizamX3GLhYUA=/fit-in/64x64/pic834645.jpg
196340,Yokohama,2016,101,7.96,7.427,4118,/boardgame/196340/yokohama,https://cf.geekdo-images.com/micro/img/WB5mQ5pER5g9dM2jPEh9t_n2EIE=/fit-in/64x64/pic2948038.png
39463,Cosmic Encounter,2008,102,7.58,7.426,21970,/boardgame/39463/cosmic-encounter,https://cf.geekdo-images.com/micro/img/tgMi75YzjO4PvsKhHt0rLCToXyI=/fit-in/64x64/pic1521633.jpg
182874,Grand Austria Hotel,2015,103,7.79,7.421,6257,/boardgame/182874/grand-austria-hotel,https://cf.geekdo-images.com/micro/img/oDBt_lRgK6KqZ1TJvyPP8HTdq9M=/fit-in/64x64/pic2728138.jpg
21050,Combat Commander: Europe,2006,104,7.9,7.421,4655,/boardgame/21050/combat-commander-europe,https://cf.geekdo-images.com/micro/img/kWuZKGQLQU6ylJF5EGw0S7agCI4=/fit-in/64x64/pic992459.jpg
77423,The Lord of the Rings: The Card Game,2011,105,7.63,7.414,16776,/boardgame/77423/lord-rings-card-game,https://cf.geekdo-images.com/micro/img/cn2Gt4jEModGX4mNEUJgwbhlyMI=/fit-in/64x64/pic906495.jpg
54043,Jaipur,2009,106,7.53,7.412,24016,/boardgame/54043/jaipur,https://cf.geekdo-images.com/micro/img/dU7UD0-U8_nAVIzusMMOcrN2GHQ=/fit-in/64x64/pic725500.jpg
9216,Goa,2004,107,7.62,7.408,10149,/boardgame/9216/goa,https://cf.geekdo-images.com/micro/img/oB6YFJnse8ckdRDRqn32QvB3OQ4=/fit-in/64x64/pic1215969.jpg
43015,Hansa Teutonica,2009,108,7.63,7.404,9417,/boardgame/43015/hansa-teutonica,https://cf.geekdo-images.com/micro/img/QSZyd2EyCg_QMHLpuVxv8_Klwno=/fit-in/64x64/pic839090.jpg
27833,Steam,2009,109,7.64,7.4,8560,/boardgame/27833/steam,https://cf.geekdo-images.com/micro/img/k-hJreGRyJvOLvX01XPyyrthTSs=/fit-in/64x64/pic392515.jpg
31627,Ticket to Ride: Nordic Countries,2007,110,7.66,7.399,9045,/boardgame/31627/ticket-ride-nordic-countries,https://cf.geekdo-images.com/micro/img/qskE6KkGcK7oNZhrxKMMYUCrac0=/fit-in/64x64/pic369616.jpg
104006,Village,2011,111,7.55,7.398,15775,/boardgame/104006/village,https://cf.geekdo-images.com/micro/img/EQVwu9aF1NRS7ABFTvrlyhczZ-0=/fit-in/64x64/pic2760568.jpg
176189,Zombicide: Black Plague,2015,112,7.82,7.397,7682,/boardgame/176189/zombicide-black-plague,https://cf.geekdo-images.com/micro/img/8LslQoojsU5G5x0fvxkBydVMZKc=/fit-in/64x64/pic2482309.jpg
172287,Champions of Midgard,2015,113,7.78,7.396,6314,/boardgame/172287/champions-midgard,https://cf.geekdo-images.com/micro/img/ueHLv0QJfsNOw6BYTONtBwFtgOw=/fit-in/64x64/pic2869714.jpg
148228,Splendor,2014,114,7.5,7.396,38545,/boardgame/148228/splendor,https://cf.geekdo-images.com/micro/img/30n55USi7MaV67ZzBMXZo2IhBdE=/fit-in/64x64/pic1904079.jpg
155821,Inis,2016,115,7.82,7.396,6079,/boardgame/155821/inis,https://cf.geekdo-images.com/micro/img/eCptAfjXFv14IfwzYZAQux19ZdQ=/fit-in/64x64/pic3112623.jpg
146886,La Granja,2014,116,7.74,7.395,6051,/boardgame/146886/la-granja,https://cf.geekdo-images.com/micro/img/zwBk0ds0GWOHCvCC5r1xHzXv19k=/fit-in/64x64/pic2031777.jpg
4098,Age of Steam,2002,117,7.69,7.394,7104,/boardgame/4098/age-steam,https://cf.geekdo-images.com/micro/img/gfqDQwrSWMLn9g5AHU_eKpMVr4s=/fit-in/64x64/pic429576.jpg
10630,Memoir '44,2004,118,7.54,7.392,21131,/boardgame/10630/memoir-44,https://cf.geekdo-images.com/micro/img/h-Kjq9AZZNSqPle90-E_K9jNbag=/fit-in/64x64/pic43663.jpg
555,The Princes of Florence,2000,119,7.57,7.39,13699,/boardgame/555/princes-florence,https://cf.geekdo-images.com/micro/img/YkudfxQHh7lm5aH8x6DyNvjm6fg=/fit-in/64x64/pic1306997.jpg
224037,Codenames Duet,2017,120,7.88,7.389,4424,/boardgame/224037/codenames-duet,https://cf.geekdo-images.com/micro/img/0Hzow2YM8qfDO1pkRtNjnB5b2I0=/fit-in/64x64/pic3596681.jpg
128621,Viticulture,2013,121,7.7,7.388,7391,/boardgame/128621/viticulture,https://cf.geekdo-images.com/micro/img/0gErY47qifMalXpq4lBm2VBGX2M=/fit-in/64x64/pic2619743.jpg
215,Tichu,1991,122,7.6,7.385,11349,/boardgame/215/tichu,https://cf.geekdo-images.com/micro/img/CSDHtwKIIkPMZIurT-DGRQUg824=/fit-in/64x64/pic169494.jpg
188,Go,2200,123,7.66,7.383,12472,/boardgame/188/go,https://cf.geekdo-images.com/micro/img/ncEmbZZ97K1tiF6nCduIx9Ub75Q=/fit-in/64x64/pic1728832.jpg
161533,Lisboa,2017,124,8.24,7.374,2571,/boardgame/161533/lisboa,https://cf.geekdo-images.com/micro/img/D9YnXjoKS0MEkVZ5LHFIz9cyuxE=/fit-in/64x64/pic3209553.jpg
129437,Legendary: A Marvel Deck Building Game,2012,125,7.62,7.374,15221,/boardgame/129437/legendary-marvel-deck-building-game,https://cf.geekdo-images.com/micro/img/qBFi8JNdyRmI5QOR-1gxq-IsPqI=/fit-in/64x64/pic1430769.jpg
9209,Ticket to Ride,2004,126,7.46,7.365,55044,/boardgame/9209/ticket-ride,https://cf.geekdo-images.com/micro/img/2ytp3TGuItH2Zzur8-NAiWtt6Xw=/fit-in/64x64/pic38668.jpg
170042,Raiders of the North Sea,2015,127,7.82,7.352,4938,/boardgame/170042/raiders-north-sea,https://cf.geekdo-images.com/micro/img/VZ3-BIEX2h9ixdJV4egMB_-TlQs=/fit-in/64x64/pic3578101.jpg
31481,Galaxy Trucker,2007,128,7.46,7.35,23419,/boardgame/31481/galaxy-trucker,https://cf.geekdo-images.com/micro/img/WKPu4_oEvavVxrXNxS_mi_kNGvE=/fit-in/64x64/pic3926631.jpg
20551,Shogun,2006,129,7.56,7.35,11349,/boardgame/20551/shogun,https://cf.geekdo-images.com/micro/img/7Fp3FMroyCWugis4OxLIVozPzik=/fit-in/64x64/pic145843.jpg
154203,Imperial Settlers,2014,130,7.52,7.349,15326,/boardgame/154203/imperial-settlers,https://cf.geekdo-images.com/micro/img/oH_fmX7kSa0vVVoYMM3N9scwCE8=/fit-in/64x64/pic2871265.jpg
54998,Cyclades,2009,131,7.54,7.346,13996,/boardgame/54998/cyclades,https://cf.geekdo-images.com/micro/img/VQ6ir3UXk1ZBStECZLkAkbywZbM=/fit-in/64x64/pic584779.jpg
146439,BattleLore (Second Edition),2013,132,7.87,7.342,4352,/boardgame/146439/battlelore-second-edition,https://cf.geekdo-images.com/micro/img/oWEYew9es3IW03p4fKdOdgDVSno=/fit-in/64x64/pic1854807.jpg
7854,YINSH,2003,133,7.7,7.342,5998,/boardgame/7854/yinsh,https://cf.geekdo-images.com/micro/img/P_FzhHWLNKF9ki4GrSYvAPJ_sl0=/fit-in/64x64/pic2844830.png
12,Ra,1999,134,7.47,7.335,16522,/boardgame/12/ra,https://cf.geekdo-images.com/micro/img/dLCB1zVufOOwUH41u39hwZSunmE=/fit-in/64x64/pic3013552.jpg
140620,Lewis & Clark,2013,135,7.55,7.334,10094,/boardgame/140620/lewis-clark,https://cf.geekdo-images.com/micro/img/ULvf-lQj_ksII_7v9Cn3MgSeDo4=/fit-in/64x64/pic1902092.jpg
234,Hannibal: Rome vs. Carthage,1996,136,7.82,7.332,4475,/boardgame/234/hannibal-rome-vs-carthage,https://cf.geekdo-images.com/micro/img/NDVeJVG_0jlxGs7we7fAJGam-wI=/fit-in/64x64/pic706069.jpg
22545,Age of Empires III: The Age of Discovery,2007,137,7.57,7.332,9233,/boardgame/22545/age-empires-iii-age-discovery,https://cf.geekdo-images.com/micro/img/aGMKv-1y_84dAfiuAVS5OOfK9r4=/fit-in/64x64/pic990261.jpg
97207,Dungeon Petz,2011,138,7.54,7.332,10018,/boardgame/97207/dungeon-petz,https://cf.geekdo-images.com/micro/img/3vf-FU0387yMvgRFIxh1mHl2sks=/fit-in/64x64/pic1103979.jpg
822,Carcassonne,2000,139,7.43,7.33,76947,/boardgame/822/carcassonne,https://cf.geekdo-images.com/micro/img/z0tTaije1bRO7y8zKLxgx2IObNo=/fit-in/64x64/pic2337577.jpg
101721,Mage Wars Arena,2012,140,7.74,7.329,6490,/boardgame/101721/mage-wars-arena,https://cf.geekdo-images.com/micro/img/dY-I0MTXbyba-VhHQqqc9IKyJlc=/fit-in/64x64/pic2386027.jpg
24181,Imperial,2006,141,7.62,7.328,7580,/boardgame/24181/imperial,https://cf.geekdo-images.com/micro/img/QzZUskfw6POHVsScqJqyjOKLe3M=/fit-in/64x64/pic840712.jpg
200680,Agricola (Revised Edition),2016,142,8.22,7.328,2610,/boardgame/200680/agricola-revised-edition,https://cf.geekdo-images.com/micro/img/H1j88cpFTELRrGZhxNZpAFmOktM=/fit-in/64x64/pic3029377.jpg
25021,Sekigahara: The Unification of Japan,2011,143,8.05,7.324,2836,/boardgame/25021/sekigahara-unification-japan,https://cf.geekdo-images.com/micro/img/ERvV_oGD6YrXiIJAYlamcPM3RMw=/fit-in/64x64/pic1063508.jpg
93260,Summoner Wars: Master Set,2011,144,7.58,7.321,9377,/boardgame/93260/summoner-wars-master-set,https://cf.geekdo-images.com/micro/img/95wyImi1MAGSm3MXVxUMSCvQyLM=/fit-in/64x64/pic923048.jpg
195421,Near and Far,2017,145,8.02,7.319,3079,/boardgame/195421/near-and-far,https://cf.geekdo-images.com/micro/img/D9MQ9zO3uJnBYzG5_UXxxf3FcMg=/fit-in/64x64/pic3605785.jpg
192291,Sushi Go Party!,2016,146,7.59,7.316,9351,/boardgame/192291/sushi-go-party,https://cf.geekdo-images.com/micro/img/89i8LAZ2TWE0Cwqcbk0ITCui2PA=/fit-in/64x64/pic3031286.jpg
193037,Dead of Winter: The Long Night,2016,147,7.87,7.316,4403,/boardgame/193037/dead-winter-long-night,https://cf.geekdo-images.com/micro/img/o99dm7VfVHQTq8xYLupbavM1HO8=/fit-in/64x64/pic2906832.jpg
59294,Runewars,2010,148,7.68,7.316,6952,/boardgame/59294/runewars,https://cf.geekdo-images.com/micro/img/tGUbcBoeXKevuWDQv0KYLtydjKM=/fit-in/64x64/pic1534815.jpg
38453,Space Alert,2008,149,7.49,7.314,12877,/boardgame/38453/space-alert,https://cf.geekdo-images.com/micro/img/UIR5SfQz2edQz54sjUuixsZDifg=/fit-in/64x64/pic384313.jpg
155873,Power Grid Deluxe: Europe/North America,2014,150,8.09,7.313,2652,/boardgame/155873/power-grid-deluxe-europenorth-america,https://cf.geekdo-images.com/micro/img/5UMwc9tKwZyV459PGnNrQE8ag6o=/fit-in/64x64/pic2056160.jpg
19857,Glory to Rome,2005,151,7.49,7.313,11549,/boardgame/19857/glory-rome,https://cf.geekdo-images.com/micro/img/No9Y6hJ4iqV7o9ZIR_oEOAXA_Nc=/fit-in/64x64/pic1079512.png
118048,Targi,2012,152,7.6,7.312,7218,/boardgame/118048/targi,https://cf.geekdo-images.com/micro/img/IzeJIGzzO2oHLkH0cBX9XjwhQMo=/fit-in/64x64/pic3958793.jpg
176494,Isle of Skye: From Chieftain to King,2015,153,7.49,7.309,12735,/boardgame/176494/isle-skye-chieftain-king,https://cf.geekdo-images.com/micro/img/hFWkZUW6BeIK7OBXWuH5WEPmAr0=/fit-in/64x64/pic2524838.jpg
127060,Bora Bora,2013,154,7.58,7.307,7363,/boardgame/127060/bora-bora,https://cf.geekdo-images.com/micro/img/oBtNoYRAr3042rKmNonGZD2Qrzo=/fit-in/64x64/pic1542342.jpg
463,Magic: The Gathering,1993,155,7.45,7.306,25671,/boardgame/463/magic-gathering,https://cf.geekdo-images.com/micro/img/37ZjngFtf4rdf2wfHpzJRtD_5eo=/fit-in/64x64/pic163749.jpg
27708,1960: The Making of the President,2007,156,7.59,7.305,7588,/boardgame/27708/1960-making-president,https://cf.geekdo-images.com/micro/img/lbKyjk9ZhQRfDX2VDpsa0cIt15M=/fit-in/64x64/pic3499166.jpg
181304,Mysterium,2015,157,7.46,7.304,18542,/boardgame/181304/mysterium,https://cf.geekdo-images.com/micro/img/8tkDsBMFLmVtUHU8mlauVJrHBKA=/fit-in/64x64/pic2601683.jpg
172818,Above and Below,2015,158,7.58,7.302,8227,/boardgame/172818/above-and-below,https://cf.geekdo-images.com/micro/img/_rwWp6MnmT3nZeaew04pTPhw0Ig=/fit-in/64x64/pic2398773.jpg
82222,Xia: Legends of a Drift System,2014,159,7.83,7.301,4500,/boardgame/82222/xia-legends-drift-system,https://cf.geekdo-images.com/micro/img/5ZOC36fevB5zLPPeDPSYtlLk2YI=/fit-in/64x64/pic1807124.png
199561,Sagrada,2017,160,7.66,7.301,6642,/boardgame/199561/sagrada,https://cf.geekdo-images.com/micro/img/RquPL37h-RDLBHiui0eFcO2qC_c=/fit-in/64x64/pic3525224.jpg
108745,Seasons,2012,161,7.45,7.3,16014,/boardgame/108745/seasons,https://cf.geekdo-images.com/micro/img/cZDPGO-cc3ZhcKTwpkYPoyQybfE=/fit-in/64x64/pic1299390.jpg
48726,Alien Frontiers,2010,162,7.47,7.298,12434,/boardgame/48726/alien-frontiers,https://cf.geekdo-images.com/micro/img/zxR7Tn0sR-Ck7zZNIwrHFin4lsk=/fit-in/64x64/pic3360924.png
203993,Lorenzo il Magnifico,2016,163,7.84,7.293,3747,/boardgame/203993/lorenzo-il-magnifico,https://cf.geekdo-images.com/micro/img/HcJSLMV5It-ZdNUwLidOEmXL6w8=/fit-in/64x64/pic3175535.jpg
66589,Navegador,2010,164,7.58,7.287,6778,/boardgame/66589/navegador,https://cf.geekdo-images.com/micro/img/fIKKLVQs8jutLZvZtFZE_XcI_DU=/fit-in/64x64/pic3246725.jpg
92828,Dixit: Odyssey,2011,165,7.5,7.286,11847,/boardgame/92828/dixit-odyssey,https://cf.geekdo-images.com/micro/img/hQBJuLSPS-VJmA8hpwjOQ15D45g=/fit-in/64x64/pic918568.jpg
421,1830: Railways & Robber Barons,1986,166,7.83,7.284,3657,/boardgame/421/1830-railways-robber-barons,https://cf.geekdo-images.com/micro/img/ozXeqWX_v-2ifxjpQW0uiyTxC6w=/fit-in/64x64/pic882119.jpg
54138,Imperial 2030,2009,167,7.73,7.283,4597,/boardgame/54138/imperial-2030,https://cf.geekdo-images.com/micro/img/1X1QAxH4knU0Ljn45-tY1wMcTgg=/fit-in/64x64/pic586346.jpg
182631,Star Realms: Colony Wars,2015,168,7.95,7.281,3200,/boardgame/182631/star-realms-colony-wars,https://cf.geekdo-images.com/micro/img/-AMYfb9cJzXnba9wpSKGAPKovMk=/fit-in/64x64/pic2971899.jpg
17392,Here I Stand,2006,169,7.94,7.279,3130,/boardgame/17392/here-i-stand,https://cf.geekdo-images.com/micro/img/3KsR5DgCcaqqK9MCSaYC7OxcOEQ=/fit-in/64x64/pic353047.jpg
156129,Deception: Murder in Hong Kong,2014,170,7.56,7.275,8263,/boardgame/156129/deception-murder-hong-kong,https://cf.geekdo-images.com/micro/img/N9BEx6okEYO6al76G9c-QniPy8E=/fit-in/64x64/pic2568916.jpg
181279,Fury of Dracula (third/fourth edition),2015,171,7.62,7.274,6754,/boardgame/181279/fury-dracula-thirdfourth-edition,https://cf.geekdo-images.com/micro/img/0JsrVKwrW_VmABdOMpS98sZK4Zg=/fit-in/64x64/pic4098661.png
191189,Aeon's End,2016,172,8.07,7.274,2893,/boardgame/191189/aeons-end,https://cf.geekdo-images.com/micro/img/IW0NN1PYxWe6e3tcgQbGl2jCXc0=/fit-in/64x64/pic3189350.jpg
3,Samurai,1998,173,7.44,7.266,12796,/boardgame/3/samurai,https://cf.geekdo-images.com/micro/img/4XUy5QxQQfMHjx7pm2JpkJrTdDQ=/fit-in/64x64/pic3211873.jpg
163068,Trickerion: Legends of Illusion,2015,174,7.82,7.263,3780,/boardgame/163068/trickerion-legends-illusion,https://cf.geekdo-images.com/micro/img/KsYF8uGsjxG17CmCXkDka5ZIFJQ=/fit-in/64x64/pic2585510.png
77130,Sid Meier's Civilization: The Board Game,2010,175,7.47,7.262,12524,/boardgame/77130/sid-meiers-civilization-board-game,https://cf.geekdo-images.com/micro/img/Ku2ulqlYWhfN_FVhjpnN7VUOza4=/fit-in/64x64/pic798666.jpg
41114,The Resistance,2009,176,7.37,7.258,29281,/boardgame/41114/resistance,https://cf.geekdo-images.com/micro/img/XiVrklV0qtJpOxHt31OkXRUMjk0=/fit-in/64x64/pic2576459.jpg
188920,This War of Mine: The Board Game,2017,177,8.06,7.258,3111,/boardgame/188920/war-mine-board-game,https://cf.geekdo-images.com/micro/img/nt0O3ojvBG7yiUDTSn8VinmTZwE=/fit-in/64x64/pic3315915.jpg
160477,Onitama,2014,178,7.58,7.257,6821,/boardgame/160477/onitama,https://cf.geekdo-images.com/micro/img/fiOWi1kxAaLvgEFRPzuzH63WKus=/fit-in/64x64/pic2904046.png
119890,Agricola: All Creatures Big and Small,2012,179,7.46,7.252,10186,/boardgame/119890/agricola-all-creatures-big-and-small,https://cf.geekdo-images.com/micro/img/TkuiBSAYWkY1bfkeyLpz6l5_Dpc=/fit-in/64x64/pic1514252.jpg
760,Battle Line,2000,180,7.42,7.25,13294,/boardgame/760/battle-line,https://cf.geekdo-images.com/micro/img/qkSltw2mtgC37aFhlXqtJGL2nso=/fit-in/64x64/pic149717.jpg
163745,Star Wars: Armada,2015,181,7.95,7.248,3402,/boardgame/163745/star-wars-armada,https://cf.geekdo-images.com/micro/img/vzBejFrd2GGQRdnwikA3VXPd_lM=/fit-in/64x64/pic2355171.jpg
45315,Dungeon Lords,2009,182,7.43,7.244,11515,/boardgame/45315/dungeon-lords,https://cf.geekdo-images.com/micro/img/MGQjNQGhuX0GOnXCRrwMrMkxpJg=/fit-in/64x64/pic569340.jpg
198994,Hero Realms,2016,183,7.72,7.243,4978,/boardgame/198994/hero-realms,https://cf.geekdo-images.com/micro/img/1GH2JPZF7T7inNRrsDxvYF70X_o=/fit-in/64x64/pic3744052.jpg
59959,Letters from Whitechapel,2011,184,7.47,7.242,10673,/boardgame/59959/letters-whitechapel,https://cf.geekdo-images.com/micro/img/xghnQImvEe9deMZZcOCwYe3gJ8s=/fit-in/64x64/pic1545654.jpg
40692,Small World,2009,185,7.32,7.241,49202,/boardgame/40692/small-world,https://cf.geekdo-images.com/micro/img/TTJkpvNsOzwyG8wyMn7gNecKT4o=/fit-in/64x64/pic428828.jpg
204583,Kingdomino,2016,186,7.43,7.241,13055,/boardgame/204583/kingdomino,https://cf.geekdo-images.com/micro/img/kCv4_thrWAFzHR5e-KeTKMoQqFM=/fit-in/64x64/pic3132685.png
175640,Vinhos Deluxe Edition,2016,187,8.32,7.24,1837,/boardgame/175640/vinhos-deluxe-edition,https://cf.geekdo-images.com/micro/img/jIiCmrIDYgfovT0d4uBEvyBCXvc=/fit-in/64x64/pic2649446.jpg
1,Die Macher,1986,188,7.65,7.238,4656,/boardgame/1/die-macher,https://cf.geekdo-images.com/micro/img/JFMB8ORpxWo-VfPrEePfMluBkGs=/fit-in/64x64/pic159509.jpg
19777,Indonesia,2005,189,7.81,7.23,3222,/boardgame/19777/indonesia,https://cf.geekdo-images.com/micro/img/NUrecPv5Y4AMKh8okt2Nv2-OgSA=/fit-in/64x64/pic93485.jpg
203420,Exit: The Game – The Abandoned Cabin,2016,190,7.76,7.229,3739,/boardgame/203420/exit-game-abandoned-cabin,https://cf.geekdo-images.com/micro/img/MYcZhhbTwRC-7JMwY9IBx2PhOiI=/fit-in/64x64/pic3332426.jpg
36932,Claustrophobia,2009,191,7.58,7.229,6037,/boardgame/36932/claustrophobia,https://cf.geekdo-images.com/micro/img/89Njbgt3W8Vqvjg-JFgmghegfbM=/fit-in/64x64/pic570518.jpg
188834,Secret Hitler,2016,192,7.6,7.229,7796,/boardgame/188834/secret-hitler,https://cf.geekdo-images.com/micro/img/7rPWOzykTtzf1mMcvVTNYkNkRBw=/fit-in/64x64/pic2771488.png
37046,Ghost Stories,2008,193,7.38,7.227,16148,/boardgame/37046/ghost-stories,https://cf.geekdo-images.com/micro/img/WyfabLJtxILhVejAcwpIxdpAdJE=/fit-in/64x64/pic1790243.jpg
176920,Mission: Red Planet (Second Edition),2015,194,7.57,7.227,5999,/boardgame/176920/mission-red-planet-second-edition,https://cf.geekdo-images.com/micro/img/OY0sk9ZHhSzlskLKdw_1D0q5wWM=/fit-in/64x64/pic2499748.jpg
39856,Dixit,2008,195,7.32,7.222,36879,/boardgame/39856/dixit,https://cf.geekdo-images.com/micro/img/AGIqA_s0OnpZoayUxbrocTU8e9k=/fit-in/64x64/pic3483909.jpg
15985,Blood Bowl: Living Rulebook,2004,196,7.87,7.221,3154,/boardgame/15985/blood-bowl-living-rulebook,https://cf.geekdo-images.com/micro/img/iCLk1ObuNbWQQdqfEkKTCjkEVJI=/fit-in/64x64/pic66287.jpg
144344,Rococo,2013,197,7.57,7.22,5569,/boardgame/144344/rococo,https://cf.geekdo-images.com/micro/img/SqFPKOOnGawc11pxZolGYoXRY3Y=/fit-in/64x64/pic1795272.jpg
136888,Bruges,2013,198,7.47,7.219,8134,/boardgame/136888/bruges,https://cf.geekdo-images.com/micro/img/GmURmsFDT38yEvueRr7rWlKcIIs=/fit-in/64x64/pic1652004.jpg
123123,BattleCON: Devastation of Indines,2013,199,8.05,7.216,2488,/boardgame/123123/battlecon-devastation-indines,https://cf.geekdo-images.com/micro/img/0vY1-XZu5Z0xj-2P4L-tdxK6jOg=/fit-in/64x64/pic2407334.jpg
172081,Burgle Bros.,2015,200,7.65,7.216,4668,/boardgame/172081/burgle-bros,https://cf.geekdo-images.com/micro/img/02InkiCSuBCFBAYGXA8XCQJXpKA=/fit-in/64x64/pic2439102.png
